City_ID,City,Lat,Lng,Max Temp,Humidity,Cloudiness,Wind Speed,Country,Date
0,college,64.8569,-147.8028,21.44,61,90,1.54,US,1688968765
1,port-aux-francais,-49.35,70.2167,2.36,62,100,9.05,TF,1688968765
2,invercargill,-46.4,168.35,7.76,89,47,1.49,NZ,1688968505
3,xucheng,20.35,110.1288,32.14,61,12,2.37,CN,1688968766
4,ushuaia,-54.8,-68.3,2.81,81,75,7.2,AR,1688968766
5,vilyuchinsk,52.9306,158.4028,15.15,96,100,2.64,RU,1688968767
6,blackmans bay,-43.0167,147.3167,15.07,61,66,3.99,AU,1688968767
7,adamstown,-25.066,-130.1015,21.37,68,100,6.87,PN,1688968767
8,anadyr,64.75,177.4833,18.28,42,0,4.0,RU,1688968202
9,valparaiso,-33.0393,-71.6273,11.74,81,0,2.82,CL,1688968769
10,ta`u,-14.2336,-169.5144,27.7,80,29,7.12,AS,1688968769
11,yamada,39.4667,141.95,27.62,66,60,2.97,JP,1688968610
12,vila franca do campo,37.7167,-25.4333,20.23,88,77,2.37,PT,1688968770
13,avarua,-21.2078,-159.775,25.03,94,20,4.12,CK,1688968770
14,puerto natales,-51.7236,-72.4875,-2.86,94,20,1.37,CL,1688968770
15,hamilton,39.1834,-84.5333,18.27,88,0,0.67,US,1688968770
16,hami,42.8,93.45,29.28,29,100,2.99,CN,1688968771
17,jamestown,42.097,-79.2353,17.8,100,40,2.57,US,1688968771
18,pimenta bueno,-11.6725,-61.1936,20.97,65,0,0.92,BR,1688968771
19,albany,42.6001,-73.9662,19.97,95,100,0.75,US,1688968772
20,westport,41.1415,-73.3579,24.2,92,100,7.2,US,1688968772
21,ilulissat,69.2167,-51.1,6.24,84,98,1.88,GL,1688968773
22,bethel,41.3712,-73.414,22.79,88,100,0.45,US,1688968575
23,utrik,11.2278,169.8474,28.33,81,99,7.41,MH,1688968773
24,constantia,44.1833,28.65,21.5,52,17,5.17,RO,1688968773
25,dudinka,69.4058,86.1778,6.46,81,100,5.06,RU,1688968774
26,bredasdorp,-34.5322,20.0403,7.99,72,88,1.27,ZA,1688968774
27,florence,43.7667,11.25,27.52,72,0,1.03,IT,1688968553
28,port mathurin,-19.6833,63.4167,23.86,60,53,8.31,MU,1688968775
29,kirakira,-10.4544,161.9205,27.49,80,96,6.02,SB,1688968776
30,happy valley-goose bay,53.3168,-60.3315,17.17,88,40,2.57,CA,1688968776
31,waitangi,-43.9535,-176.5597,9.9,92,99,3.13,NZ,1688968776
32,almeirim,-1.5233,-52.5817,22.87,94,19,1.72,BR,1688968777
33,uturoa,-16.7333,-151.4333,26.72,81,41,10.55,PF,1688968777
34,tomatlan,19.9333,-105.25,25.83,89,61,0.74,MX,1688968777
35,kamaishi,39.2667,141.8833,26.94,70,67,3.05,JP,1688968666
36,badger,64.8,-147.5333,21.4,66,78,1.88,US,1688968778
37,nantes,47.1667,-1.5833,15.81,100,20,1.54,FR,1688968778
38,abadeh,31.1608,52.6506,30.86,9,0,0.94,IR,1688968778
39,twon-brass,4.3151,6.2418,25.46,86,96,3.33,NG,1688968779
40,kristiansund,63.1115,7.732,19.03,77,0,2.57,NO,1688968779
41,olonkinbyen,70.9221,-8.7187,2.58,96,100,10.0,SJ,1688968779
42,arraial do cabo,-22.9661,-42.0278,20.97,79,100,3.6,BR,1688968780
43,chasong,41.4608,126.6414,24.74,86,48,2.87,KP,1688968780
44,kralendijk,12.15,-68.2667,27.37,88,60,9.97,BQ,1688968781
45,laojunmiao,39.8333,97.7333,18.14,58,99,3.38,CN,1688968781
46,bilibino,68.0546,166.4372,16.08,57,100,1.28,RU,1688968781
47,sinton,28.0367,-97.5092,28.81,84,0,5.47,US,1688968781
48,georgetown,5.4112,100.3354,32.96,68,20,3.6,MY,1688968708
49,susuman,62.7833,148.1667,5.79,66,100,3.23,RU,1688968782
50,edinburgh of the seven seas,-37.0676,-12.3116,15.28,90,100,12.9,SH,1688968782
51,tofol,5.3248,163.0078,31.88,62,75,1.54,FM,1688968783
52,callao,-12.0667,-77.15,20.16,77,40,4.63,PE,1688968783
53,paita,-5.0892,-81.1144,21.97,84,8,5.11,PE,1688968783
54,acarau,-2.8856,-40.12,24.33,88,4,5.64,BR,1688968784
55,fenyi,27.8112,114.6681,37.98,39,31,3.14,CN,1688968785
56,iskateley,67.6803,53.1512,12.99,60,83,4.54,RU,1688968786
57,margaret river,-33.95,115.0667,17.29,69,38,8.37,AU,1688968786
58,sao vicente,-23.9631,-46.3919,21.26,26,88,1.57,BR,1688968786
59,kimbe,-5.5502,150.1429,27.59,86,100,0.46,PG,1688968787
60,mount pearl,47.5166,-52.7813,11.64,97,100,2.06,CA,1688968787
61,pacific grove,36.6177,-121.9166,15.13,89,100,2.57,US,1688968787
62,vorgashor,67.5833,63.95,13.28,46,16,3.71,RU,1688968788
63,rio grande,-32.035,-52.0986,13.3,92,28,1.57,BR,1688968788
64,nova sintra,14.8667,-24.7167,21.44,81,47,11.6,CV,1688968788
65,tiksi,71.6872,128.8694,5.98,64,100,2.69,RU,1688968591
66,east london,-33.0153,27.9116,9.52,87,40,7.2,ZA,1688968515
67,wailua homesteads,22.0669,-159.378,23.75,79,77,0.89,US,1688968790
68,carnarvon,-24.8667,113.6333,22.18,31,0,3.04,AU,1688968790
69,shimoda,34.6667,138.95,32.28,84,6,8.51,JP,1688968790
70,santo antonio,-6.3106,-35.4789,20.91,96,20,2.88,BR,1688968791
71,iqaluit,63.7506,-68.5145,4.85,93,75,1.54,CA,1688968791
72,aksuat,48.7167,83.7,27.38,23,9,6.98,KZ,1688968792
73,khash,28.2211,61.2158,31.76,16,0,1.69,IR,1688968792
74,talcahuano,-36.7167,-73.1167,4.82,93,0,2.06,CL,1688968792
75,porto velho,-8.7619,-63.9039,23.03,94,0,1.03,BR,1688968695
76,rio claro,-22.4114,-47.5614,17.44,92,98,0.9,BR,1688968793
77,piti village,13.4626,144.6933,29.03,92,100,8.73,GU,1688968793
78,papatowai,-46.5619,169.4708,7.82,90,89,1.4,NZ,1688968793
79,vila velha,-20.3297,-40.2925,21.64,86,0,2.57,BR,1688968794
80,tolanaro,-25.0319,46.9987,18.04,94,20,0.0,MG,1688968794
81,harper,4.375,-7.7169,24.53,88,94,3.84,LR,1688968794
82,weno,7.4515,151.8468,28.52,72,100,0.93,FM,1688968795
83,fauske,67.2588,15.3918,15.53,61,42,0.14,NO,1688968796
84,beni mellal,32.3373,-6.3498,28.6,23,6,2.4,MA,1688968796
85,el alto,-4.2714,-81.2147,21.51,80,14,7.76,PE,1688968796
86,klyuchi,52.2667,79.1667,26.12,36,69,3.96,RU,1688968797
87,port lincoln,-34.7333,135.8667,15.83,66,21,7.84,AU,1688968797
88,la passe,45.5549,-0.8967,18.13,84,0,1.46,FR,1688968797
89,yellowknife,62.456,-114.3525,15.31,51,75,5.36,CA,1688968798
90,chonchi,-42.6128,-73.8092,3.95,91,33,0.79,CL,1688968798
91,nueve de julio,-35.4444,-60.8831,4.42,99,2,0.89,AR,1688968799
92,isafjordur,66.0755,-23.124,11.98,65,34,1.15,IS,1688968800
93,guiping,23.3925,110.0814,32.35,64,100,2.97,CN,1688968800
94,upington,-28.4478,21.2561,2.21,80,0,2.57,ZA,1688968800
95,chulakkurgan,43.765,69.1814,32.21,19,0,7.73,KZ,1688968801
96,pingliang,35.5392,106.6861,32.7,32,94,6.54,CN,1688968803
97,codrington,-38.2667,141.9667,13.88,75,84,8.29,AU,1688968803
98,conduaga,8.862,117.4893,29.66,70,36,2.21,PH,1688968804
99,cidreira,-30.1811,-50.2056,16.5,92,76,5.05,BR,1688968804
100,yurimaguas,-5.9,-76.0833,20.79,97,0,0.49,PE,1688968805
101,rongelap,11.1635,166.8941,28.12,80,100,7.6,MH,1688968806
102,puerto ayora,-0.7393,-90.3518,25.31,93,100,3.58,EC,1688968807
103,thompson,55.7435,-97.8558,5.97,87,56,4.26,CA,1688968809
104,al bukayriyah,26.1442,43.6593,37.26,10,1,4.06,SA,1688968809
105,dunedin,-45.8742,170.5036,8.78,81,100,0.45,NZ,1688968617
106,grytviken,-54.2811,-36.5092,-5.84,81,68,3.9,GS,1688968810
107,pariaman,-0.619,100.12,26.03,92,100,2.97,ID,1688968811
108,templin,53.1186,13.5022,22.88,47,100,2.04,DE,1688968812
109,waimea,20.0231,-155.6717,18.63,87,92,1.34,US,1688968812
110,laboulaye,-34.1266,-63.3912,11.13,85,98,3.01,AR,1688968814
111,lompoc,34.6391,-120.4579,13.4,81,100,7.6,US,1688968814
112,saldanha,-33.0117,17.9442,8.22,72,0,4.04,ZA,1688968815
113,tura,25.5198,90.2201,29.42,78,96,2.78,IN,1688968816
114,nizhneangarsk,55.7833,109.55,16.87,73,98,1.27,RU,1688968817
115,peace river,56.2501,-117.286,20.53,66,2,1.02,CA,1688968817
116,saint-pierre,-21.3393,55.4781,25.82,47,0,1.54,RE,1688968817
117,benxi,41.2886,123.765,29.18,65,53,2.11,CN,1688968818
118,mejit,10.2753,170.8646,28.01,81,49,6.54,MH,1688968818
119,alexandria,31.2156,29.9553,26.15,71,0,6.57,EG,1688968805
120,nadym,65.5333,72.5167,12.39,74,99,5.84,RU,1688968819
121,stanley,54.868,-1.6985,14.6,90,0,2.06,GB,1688968819
122,egilsstadir,65.2653,-14.3948,12.94,73,100,3.1,IS,1688968819
123,sitka,57.0531,-135.33,11.06,84,43,2.29,US,1688968820
124,margate,51.3813,1.3862,16.6,88,59,4.73,GB,1688968820
125,orting,47.0979,-122.2043,17.73,73,0,0.0,US,1688968820
126,ghat,24.9647,10.1728,30.61,20,0,1.67,LY,1688968821
127,bonthe,7.5264,-12.505,24.64,90,100,3.59,SL,1688968821
128,kawalu,-7.3817,108.2082,30.72,52,50,2.47,ID,1688968822
129,fort mcmurray,56.7268,-111.381,11.99,57,0,2.22,CA,1688968822
130,cafayate,-26.073,-65.9761,11.92,72,52,1.59,AR,1688968823
131,midvagur,62.0511,-7.1939,12.46,94,100,1.03,FO,1688968823
132,kosh-agach,50.0,88.6667,15.24,58,100,3.22,RU,1688968824
133,west island,-12.1568,96.8225,26.99,69,40,6.69,CC,1688968824
134,hermanus,-34.4187,19.2345,7.11,69,60,3.3,ZA,1688968825
135,villa constitucion,-33.2278,-60.3297,14.99,96,62,1.64,AR,1688968826
136,aubigny-sur-nere,47.4882,2.439,16.72,100,1,1.84,FR,1688968826
137,feijo,-8.1642,-70.3536,21.61,98,5,1.2,BR,1688968827
138,isiro,2.7739,27.616,21.14,84,91,0.5,CD,1688968827
139,oriximina,-1.7656,-55.8661,23.84,82,4,1.75,BR,1688968827
140,diu,20.7141,70.9822,29.4,73,96,7.31,IN,1688968828
141,namtsy,62.7161,129.6658,28.06,34,79,5.1,RU,1688968828
142,yaren,-0.5472,166.916,28.23,74,100,3.43,NR,1688968829
143,sao joao da barra,-21.6403,-41.0511,20.8,83,100,3.71,BR,1688968829
144,ribeira grande,38.5167,-28.7,20.99,96,96,2.24,PT,1688968830
145,newman,37.3138,-121.0208,17.81,72,0,2.13,US,1688968830
146,ambon,-3.6954,128.1814,25.08,95,40,3.09,ID,1688968830
147,groznyy,43.3083,45.7003,24.22,73,100,6.0,RU,1688968830
148,whitehorse,60.7161,-135.0538,23.9,40,9,2.9,CA,1688968831
149,puente de vallecas,40.3869,-3.6592,24.74,38,0,2.24,ES,1688968831
150,uliastay,47.7417,96.8444,22.01,37,99,8.04,MN,1688968832
151,mangrol,21.1167,70.1167,28.85,77,97,5.55,IN,1688968832
152,nabire,-3.3667,135.4833,28.48,77,62,1.67,ID,1688968832
153,port elizabeth,-33.918,25.5701,10.73,97,67,1.34,ZA,1688968833
154,kerikeri,-35.2268,173.9474,13.28,86,91,4.22,NZ,1688968833
155,mili,6.0815,171.735,27.84,79,82,5.66,MH,1688968834
156,longyearbyen,78.2186,15.6401,6.91,70,75,2.06,SJ,1688968835
157,petropavlovsk-kamchatsky,53.0452,158.6483,14.33,88,75,5.0,RU,1688968569
158,aasiaat,68.7098,-52.8699,4.66,96,100,3.2,GL,1688968835
159,punta arenas,-53.15,-70.9167,0.54,86,28,3.41,CL,1688968836
160,praia da vitoria,38.7333,-27.0667,21.53,95,93,2.82,PT,1688968836
161,lebu,-37.6167,-73.65,6.21,80,37,3.43,CL,1688968836
162,huaihua,27.5494,109.9592,35.85,43,48,5.49,CN,1688968837
163,howrah,22.5892,88.3103,33.0,66,75,2.06,IN,1688968346
164,medebach,51.2,8.7167,17.84,91,77,2.05,DE,1688968838
165,glace bay,46.1969,-59.957,17.93,97,66,0.89,CA,1688968839
166,san luis de la loma,17.2706,-100.8939,25.78,91,100,0.81,MX,1688968839
167,remire-montjoly,4.9167,-52.2667,23.02,100,20,0.0,GF,1688968839
168,severo-yeniseyskiy,60.3725,93.0408,16.81,95,100,3.83,RU,1688968839
169,revda,56.801,59.9303,28.47,48,90,1.25,RU,1688968840
170,teguise,29.0605,-13.564,20.12,83,20,8.23,ES,1688968603
171,okha,53.5739,142.9478,17.05,51,2,6.89,RU,1688968840
172,port alfred,-33.5906,26.891,9.54,89,83,1.34,ZA,1688968841
173,keetmanshoop,-26.5833,18.1333,2.34,61,0,4.29,NA,1688968841
174,nemuro,43.3236,145.575,17.14,93,100,2.08,JP,1688968702
175,sur,22.5667,59.5289,35.34,44,99,4.26,OM,1688968842
176,mayya,61.7333,130.2811,28.62,34,46,4.67,RU,1688968842
177,jayapura,-2.5333,140.7,30.66,88,100,2.17,ID,1688968620
178,minas de marcona,-15.2119,-75.1103,13.3,79,25,2.43,PE,1688968843
179,uray,60.1247,64.7758,21.28,59,96,2.97,RU,1688968843
180,hawaiian paradise park,19.5933,-154.9731,22.16,97,77,2.38,US,1688968843
181,nizhneudinsk,54.9076,99.0276,25.88,45,98,0.92,RU,1688968843
182,mossel bay,-34.1831,22.146,11.42,68,81,3.07,ZA,1688968844
183,dhuusamarreeb,5.535,46.3861,29.14,43,80,11.69,SO,1688968844
184,ksar el boukhari,35.8889,2.7491,31.34,22,36,2.91,DZ,1688968844
185,palmer,42.1584,-72.3287,22.23,84,100,0.0,US,1688968844
186,farasan,16.7022,42.1183,32.2,70,89,5.03,SA,1688968845
187,tual,-5.6667,132.75,26.08,86,100,10.31,ID,1688968846
188,alesund,62.4723,6.1549,21.11,78,0,3.6,NO,1688968846
189,moose jaw,50.4001,-105.5344,16.98,88,13,3.15,CA,1688968847
190,laayoune,27.1622,-13.2032,20.18,92,5,6.57,EH,1688968847
191,tulun,54.5611,100.5792,24.03,60,93,0.61,RU,1688968847
192,saint-philippe,-21.3585,55.7679,25.77,74,30,5.2,RE,1688968847
193,forster,-32.1667,152.5167,17.38,57,0,3.05,AU,1688968848
194,marianna,30.7744,-85.2269,26.09,94,0,4.63,US,1688968848
195,st. john's,47.5649,-52.7093,12.1,97,97,2.68,CA,1688968817
196,shingu,33.7333,135.9833,30.92,67,21,6.27,JP,1688968830
197,roma,43.2128,-75.4557,19.81,94,100,1.27,US,1688968585
198,hithadhoo,-0.6,73.0833,27.46,70,37,1.12,MV,1688968850
199,colonia,50.9333,6.95,21.09,80,75,4.12,DE,1688968850
200,geraldton,-28.7667,114.6,21.23,52,0,0.51,AU,1688968590
201,fort st. john,56.2499,-120.8529,19.2,64,11,2.44,CA,1688968851
202,port saint john's,-31.6229,29.5448,12.81,79,94,6.77,ZA,1688968852
203,firuzabad,28.8438,52.5707,34.88,8,0,2.27,IR,1688968852
204,gniewkowo,52.8946,18.4079,23.5,62,71,3.02,PL,1688968852
205,talnakh,69.4865,88.3972,6.23,85,100,3.59,RU,1688968854
206,krasnoufimsk,56.6059,57.7669,25.69,64,98,3.94,RU,1688968854
207,hasaki,35.7333,140.8333,35.68,74,8,8.16,JP,1688968853
208,kayenta,36.7278,-110.2546,24.54,23,6,5.53,US,1688968854
209,ifrane,33.3333,-5.25,25.4,13,12,12.21,MA,1688968855
210,harstad,68.799,16.5293,14.34,100,47,1.34,NO,1688968855
211,ingeniero guillermo n. juarez,-23.9,-61.85,20.71,82,90,2.54,AR,1688968855
212,t'aebaek,37.1759,128.9889,28.45,51,100,5.61,KR,1688968856
213,port hedland,-20.3167,118.5667,26.03,25,3,4.63,AU,1688968286
214,shakhtinsk,49.71,72.5872,28.85,25,7,2.34,KZ,1688968856
215,al bayda,32.7627,21.7551,21.4,68,8,3.98,LY,1688968856
216,haiku-pauwela,20.9219,-156.3051,24.47,80,79,4.02,US,1688968857
217,aykhal,66.0,111.5,26.34,32,1,10.55,RU,1688968857
218,tazovsky,67.4667,78.7,10.81,56,78,5.72,RU,1688968857
219,villa madero,19.4,-101.2667,14.78,95,100,1.45,MX,1688968857
220,san antonio de pale,-1.4014,5.6325,23.45,81,100,3.46,GQ,1688968858
221,mananjary,-21.2167,48.3333,22.23,73,73,1.68,MG,1688968859
222,laguna de perlas,12.3429,-83.6712,25.92,90,89,4.15,NI,1688968860
223,zabol,32.25,67.25,28.65,9,0,8.04,AF,1688968861
224,mogocha,53.7333,119.7667,28.59,26,96,1.41,RU,1688968862
225,niquero,20.0431,-77.5828,27.11,80,1,1.54,CU,1688968862
226,serenje,-13.2325,30.2352,17.04,58,0,2.33,ZM,1688968863
227,lihue,21.9789,-159.3672,23.53,81,86,5.67,US,1688968864
228,ulaangom,49.9811,92.0667,21.79,51,80,4.85,MN,1688968865
229,cody,44.5263,-109.0565,21.11,68,43,3.13,US,1688968865
230,darwin,-12.4611,130.8418,31.99,43,0,4.12,AU,1688968866
231,mucur,39.0615,34.3829,18.01,64,89,5.79,TR,1688968867
232,kodiak,57.79,-152.4072,10.73,87,100,3.6,US,1688968868
233,madalena,41.2162,-8.3345,16.42,91,0,1.24,PT,1688968868
234,qaqortoq,60.7167,-46.0333,9.89,68,38,0.79,GL,1688968868
235,ola,59.5833,151.2833,12.42,69,100,6.69,RU,1688968869
236,urengoy,65.9667,78.3667,14.97,62,96,2.41,RU,1688968869
237,lautoka,-17.6167,177.4667,24.14,77,32,2.21,FJ,1688968869
238,murzuq,25.9155,13.9184,30.03,27,0,4.06,LY,1688968870
239,gbarnga,6.9956,-9.4722,21.89,98,99,0.77,LR,1688968870
240,szubin,53.0097,17.74,22.88,63,0,3.6,PL,1688968870
241,kembe,4.6228,21.8865,22.55,84,54,0.09,CF,1688968870
242,hammerfest,70.6634,23.6821,11.25,71,0,2.57,NO,1688968871
243,rodna,47.4167,24.8167,20.65,64,12,1.67,RO,1688968871
244,kasongo-lunda,-6.4667,16.8167,20.38,53,71,0.84,CD,1688968871
245,vadso,70.0744,29.7487,14.49,81,0,2.06,NO,1688968872
246,am timan,11.0297,20.2827,25.08,79,91,1.47,TD,1688968872
247,island harbour,50.724,-1.2758,16.84,90,50,0.89,GB,1688968873
248,labuan,5.2767,115.2417,29.15,72,45,4.99,MY,1688968818
249,marsciano,42.9059,12.3359,27.66,74,0,0.8,IT,1688968873
250,puerto baquerizo moreno,-0.9,-89.6,24.86,77,98,4.79,EC,1688968873
251,bamboo flat,11.7,92.7167,30.05,74,75,5.14,IN,1688968874
252,xining,36.6167,101.7667,28.88,41,100,3.02,CN,1688968745
253,nagqu,31.5,92.0,17.87,43,100,3.09,CN,1688968874
254,gaspe,48.8334,-64.4819,17.59,95,79,1.97,CA,1688968874
255,fidenza,44.864,10.0667,26.67,75,0,0.77,IT,1688968875
256,guerrero negro,27.9769,-114.0611,18.17,82,4,4.51,MX,1688968875
257,san patricio,28.017,-97.5169,28.94,84,0,5.44,US,1688968875
258,kununurra,-15.7667,128.7333,28.99,30,9,4.63,AU,1688968876
259,pisco,-13.7,-76.2167,15.57,83,44,1.4,PE,1688968876
260,haapsalu,58.9431,23.5414,16.97,62,1,2.38,EE,1688968876
261,bria,6.5423,21.9863,22.16,90,67,0.42,CF,1688968876
262,tukrah,32.5341,20.5791,25.23,74,1,5.42,LY,1688968876
263,dryden,49.7833,-92.7503,10.46,85,4,2.88,CA,1688968877
264,chhatapur,26.2167,87.0167,35.06,53,93,3.23,IN,1688968788
265,baidoa,3.1138,43.6498,25.66,61,30,9.1,SO,1688968878
266,luimneach,52.6647,-8.6231,15.04,97,100,2.57,IE,1688968878
267,cranbrook,49.4999,-115.7688,15.92,70,57,2.38,CA,1688968878
268,inyonga,-6.7167,32.0667,20.93,46,20,2.02,TZ,1688968878
269,lethem,3.3803,-59.7968,23.53,90,98,2.71,GY,1688968879
270,metlili chaamba,32.2667,3.6333,32.97,17,0,2.49,DZ,1688968879
271,severoural'sk,60.1533,59.952,14.23,86,99,0.73,RU,1688968879
272,fale old settlement,-9.3852,-171.2468,28.69,79,100,7.95,TK,1688968880
273,crane,31.3974,-102.3501,31.42,40,18,8.51,US,1688968880
274,daru,-9.0763,143.2092,26.28,79,100,7.09,PG,1688968880
275,mityana,0.4175,32.0228,21.31,66,96,0.32,UG,1688968881
276,mitu,1.1983,-70.1733,21.29,99,10,1.08,CO,1688968807
277,sarykemer,43.0,71.5,31.71,16,1,7.94,KZ,1688968881
278,kaa-khem,51.6833,94.7333,27.59,32,99,2.46,RU,1688968881
279,baruun-urt,46.6806,113.2792,23.56,54,98,4.38,MN,1688968249
280,sanming,26.2486,117.6186,38.08,38,44,1.51,CN,1688968882
281,posto fiscal rolim de moura,-13.0833,-62.2667,22.97,60,1,0.98,BR,1688968883
282,sianow,54.2265,16.2913,17.2,60,100,3.75,PL,1688968883
283,flying fish cove,-10.4217,105.6791,25.82,94,100,6.17,CX,1688968883
284,las khorey,11.1595,48.1967,34.47,45,22,3.56,SO,1688968884
285,alice springs,-23.7,133.8833,18.75,39,19,6.62,AU,1688968809
286,nuku'alofa,-21.1333,-175.2,22.19,88,40,3.09,TO,1688968614
287,mishkino,55.3389,63.9175,30.41,44,81,2.09,RU,1688968884
288,belyy yar,53.6039,91.3903,20.94,73,40,5.0,RU,1688968885
289,flin flon,54.7682,-101.865,7.99,63,16,4.19,CA,1688968885
290,la sarre,48.8002,-79.1996,12.43,93,18,2.62,CA,1688968885
291,karachi,24.9056,67.0822,32.9,52,75,6.17,PK,1688968342
292,mistrato,5.2973,-75.8832,15.83,97,37,0.28,CO,1688968886
293,douentza,14.9951,-2.9517,26.62,59,99,7.22,ML,1688968886
294,hovd,48.0056,91.6419,24.35,32,93,5.7,MN,1688968887
295,berezovyy,51.6667,135.7,25.64,41,48,2.61,RU,1688968887
296,betio village,1.358,172.9211,28.02,77,97,3.07,KI,1688968888
297,la'ie,21.6477,-157.9253,25.25,73,84,2.68,US,1688968888
298,veinticinco de mayo,-35.4323,-60.1727,8.02,90,7,2.62,AR,1688968888
299,seminole,28.7086,-81.2081,28.56,86,0,2.57,US,1688968888
300,sosnovo-ozerskoye,52.5249,111.5418,17.24,86,100,2.47,RU,1688968889
301,lazaro cardenas,17.9583,-102.2,27.05,85,87,1.71,MX,1688968889
302,kabare,-2.4683,28.8242,20.02,68,54,0.58,CD,1688968890
303,lima,-12.0432,-77.0282,18.83,84,31,2.43,PE,1688968890
304,birao,10.2849,22.7882,24.55,81,20,1.62,CF,1688968890
305,maymana,35.9214,64.7836,32.22,13,0,3.13,AF,1688968890
306,nguigmi,14.2495,13.1092,29.85,50,71,4.94,NE,1688968891
307,kattivakkam,13.2167,80.3167,33.05,72,100,3.97,IN,1688968891
308,noosa heads,-26.3833,153.15,21.17,62,67,2.02,AU,1688968705
309,wuwei,37.9281,102.6414,28.25,31,99,9.94,CN,1688968466
310,cabo san lucas,22.8909,-109.9124,28.12,82,28,4.21,MX,1688968892
311,nago,26.5881,127.9761,33.03,71,18,3.04,JP,1688968892
312,bengkulu,-3.8004,102.2655,28.17,77,48,3.81,ID,1688968444
313,sisimiut,66.9395,-53.6735,7.42,90,99,0.25,GL,1688968893
314,ebaye,8.7748,167.7392,31.01,66,0,6.17,MH,1688968893
315,gwadar,25.1216,62.3254,29.4,68,82,3.89,PK,1688968893
316,levuka,50.1834,-105.4011,17.72,85,31,3.26,CA,1688968894
317,montanha,-18.1269,-40.3633,18.53,98,16,2.31,BR,1688968894
318,seven pagodas,12.6264,80.1722,33.03,81,100,2.58,IN,1688968894
319,shinkafi,13.0753,6.5105,26.54,70,70,4.05,NG,1688968895
320,isangel,-19.55,169.2667,21.29,62,27,5.65,VU,1688968895
321,kuchaiburi,22.2667,86.1667,34.2,50,99,3.47,IN,1688968626
322,buta,2.7858,24.73,23.01,82,65,0.7,CD,1688968897
323,ad dabbah,18.05,30.95,34.74,17,100,5.05,SD,1688968897
324,kiri buru,22.0833,85.35,32.07,55,99,3.07,IN,1688968741
325,dakhla,23.6848,-15.958,19.76,90,5,8.82,EH,1688968898
326,el granada,37.5027,-122.4694,16.08,90,100,5.14,US,1688968898
327,new norfolk,-42.7826,147.0587,15.72,69,61,4.66,AU,1688968899
328,novokruchininskiy,51.7833,113.7667,25.85,33,99,3.99,RU,1688968899
329,dubai,25.2582,55.3047,39.14,37,28,4.63,AE,1688968493
330,east ballina,-28.8667,153.5833,22.11,66,0,4.15,AU,1688968899
331,san pedro pochutla,15.7333,-96.4667,25.95,90,90,1.85,MX,1688968900
332,aral,40.5156,81.2636,31.5,25,54,3.4,CN,1688968901
333,linxi,39.7,118.4333,38.47,22,52,5.67,CN,1688968902
334,akureyri,65.6835,-18.0878,15.52,60,100,1.25,IS,1688968808
335,eureka,40.8021,-124.1637,14.4,89,31,0.45,US,1688968903
336,montepuez,-13.1256,38.9997,22.8,62,11,0.87,MZ,1688968903
337,tianchang,37.9981,114.0156,41.12,16,70,5.47,CN,1688968903
338,burutu,5.3509,5.5076,24.48,90,100,1.14,NG,1688968903
339,riposto,37.7306,15.2009,28.56,65,0,0.83,IT,1688968752
340,palikir - national government center,6.9248,158.1611,27.68,78,56,3.19,FM,1688968904
341,anapa,44.8908,37.3239,23.19,64,40,8.0,RU,1688968904
342,berdigestyakh,62.0989,126.6992,27.94,30,12,3.69,RU,1688968904
343,labytnangi,66.6572,66.4183,14.97,58,69,1.5,RU,1688968905
344,canela,-29.3656,-50.8156,14.04,94,100,0.45,BR,1688968906
345,prince rupert,54.3161,-130.3201,11.09,91,82,1.69,CA,1688968906
346,onverwacht,5.5833,-55.1833,25.48,94,26,1.19,SR,1688968907
347,antofagasta,-23.65,-70.4,15.6,84,92,2.37,CL,1688968675
348,alta,69.9689,23.2717,13.59,62,0,2.06,NO,1688968908
349,dapchi,12.4904,11.4944,27.36,62,59,5.05,NG,1688968908
350,piacabucu,-10.4056,-36.4344,23.32,89,59,2.62,BR,1688968908
351,camana,-16.6228,-72.7111,18.0,75,28,4.01,PE,1688968909
352,dubbo,-32.25,148.6167,16.07,48,2,4.63,AU,1688968593
353,spalt,49.1755,10.9245,23.54,58,81,1.66,DE,1688968910
354,nyurba,63.2842,118.3319,26.61,40,97,3.39,RU,1688968911
355,cockburn town,21.4612,-71.1419,28.3,85,46,8.88,TC,1688968912
356,zouerate,22.7187,-12.4521,26.45,38,3,0.86,MR,1688968912
357,punta del este,-34.9667,-54.95,13.82,95,80,2.24,UY,1688968912
358,bardai,11.65,7.2333,21.97,83,97,3.08,NG,1688968913
359,kertih,4.5141,103.4483,30.88,64,23,4.36,MY,1688968913
360,una,20.8167,71.0333,29.76,71,97,7.03,IN,1688968913
361,fort bragg,35.139,-79.006,24.08,93,40,2.57,US,1688968913
362,uttarkashi,30.7333,78.45,27.39,71,98,2.45,IN,1688968914
363,aripuana,-9.1667,-60.6333,21.68,68,0,0.71,BR,1688968914
364,ruskin,27.7209,-82.4332,29.43,86,0,2.68,US,1688968915
365,tamale,9.4008,-0.8393,23.48,91,100,3.18,GH,1688968915
366,port shepstone,-30.7414,30.455,12.72,71,89,12.66,ZA,1688968916
367,gordonvale,-17.0936,145.7842,26.06,73,68,3.61,AU,1688968917
368,shatrovo,56.5167,64.6333,28.95,54,98,3.84,RU,1688968917
369,kapuskasing,49.4169,-82.4331,16.72,51,99,5.61,CA,1688968918
370,kili,5.6439,169.1211,28.44,74,22,5.32,MH,1688968918
371,buka,40.8108,69.1986,35.41,16,0,3.26,UZ,1688968918
372,salinopolis,-0.6136,-47.3561,25.64,86,15,4.67,BR,1688968919
373,enewetak,11.3474,162.3373,28.33,77,100,6.39,MH,1688968920
374,atasu,48.6814,71.6433,30.13,21,6,3.62,KZ,1688968920
375,takhatpur,22.15,81.8667,33.24,55,53,3.75,IN,1688968920
376,victorica,-36.2151,-65.4359,9.03,41,69,3.45,AR,1688968921
377,lanzhou,36.0564,103.7922,32.79,36,85,3.65,CN,1688968748
378,mosjoen,65.836,13.1908,16.06,77,0,0.51,NO,1688968921
379,ivdel',60.6911,60.4206,15.84,72,98,0.33,RU,1688968922
380,narvik,68.4384,17.4272,17.43,84,53,0.08,NO,1688968922
381,villa canas,-34.0057,-61.6076,11.63,10,12,2.7,AR,1688968922
382,hadibu,12.65,54.0333,27.97,67,66,10.3,YE,1688968923
383,atafu village,-8.5421,-172.5159,28.66,79,100,6.92,TK,1688968923
384,ferkessedougou,9.6,-5.2,22.16,95,100,1.81,CI,1688968923
385,udachny,66.4167,112.4,28.03,28,11,9.56,RU,1688968924
386,port-vila,-17.7338,168.3219,22.46,67,80,6.1,VU,1688968925
387,vrangel',42.7297,133.0839,20.82,90,89,2.54,RU,1688968925
388,valozhyn,54.0909,26.5225,16.07,74,3,4.57,BY,1688968925
389,ciudad tula,23.0,-99.7167,20.38,95,16,1.52,MX,1688968835
390,mangai,-4.05,19.5333,22.91,48,10,0.6,CD,1688968926
391,ulladulla,-35.35,150.4667,15.58,55,28,2.08,AU,1688968840
392,popondetta,-8.7537,148.2534,28.67,65,100,2.29,PG,1688968927
393,afaahiti,-17.75,-149.2833,25.93,78,88,9.39,PF,1688968927
394,diego de almagro,-26.3667,-70.05,11.18,53,100,0.97,CL,1688968929
395,cananea,30.95,-110.3,19.71,81,81,3.43,MX,1688968930
396,fuxin,42.0156,121.6589,32.18,38,42,1.33,CN,1688968930
397,gevrai,19.2667,75.75,30.62,52,95,6.78,IN,1688968930
398,dondo,-19.6094,34.7431,20.73,64,1,2.33,MZ,1688968931
399,sassandra,4.95,-6.0833,23.37,94,86,1.61,CI,1688968931
400,kalispell,48.1958,-114.3129,22.02,40,0,2.06,US,1688968931
401,puerto santa,-8.9906,-78.6456,21.13,83,88,3.94,PE,1688968931
402,taltal,-25.4,-70.4833,14.47,82,91,0.72,CL,1688968932
403,mount gambier,-37.8333,140.7667,14.0,72,68,6.66,AU,1688968932
404,saipan,15.1355,145.701,29.8,100,99,5.36,MP,1688968751
405,calama,-22.4667,-68.9333,8.8,15,17,3.77,CL,1688968934
406,shiprock,36.7855,-108.687,27.19,24,52,3.63,US,1688968934
407,kyaikkami,16.08,97.5675,28.08,78,100,5.12,MM,1688968934
408,san ciro de acosta,21.6333,-99.8167,22.4,93,27,1.21,MX,1688968934
409,el nido,11.1858,119.3956,29.78,72,82,2.57,PH,1688968935
410,dade city,28.3647,-82.1959,27.81,84,0,2.06,US,1688968935
411,antsiranana,-12.2787,49.2917,26.09,59,10,8.01,MG,1688968936
412,castillos,-34.1667,-53.8333,12.04,93,92,1.74,UY,1688968937
413,touros,-5.1989,-35.4608,24.34,85,16,4.08,BR,1688968937
414,hunucma,21.0167,-89.8667,27.27,71,11,3.45,MX,1688968937
415,kilju,40.9642,129.3278,27.22,70,28,2.5,KP,1688968937
416,ancud,-41.8697,-73.8203,5.31,87,38,1.73,CL,1688968938
417,kibangay,8.0497,124.8931,22.73,88,65,0.88,PH,1688968938
418,playa vicente,17.8333,-95.8167,24.06,96,100,1.12,MX,1688968938
419,kenai,60.5544,-151.2583,10.08,89,95,5.23,US,1688968939
420,karratha,-20.7377,116.8463,25.02,30,6,7.78,AU,1688968878
421,garoua boulai,5.8833,14.55,18.23,95,70,0.54,CM,1688968939
422,batu gajah,4.4692,101.0411,32.43,68,68,2.85,MY,1688968805
423,arica,-18.475,-70.3042,15.37,89,29,1.31,CL,1688968940
424,port macquarie,-31.4333,152.9167,17.16,58,0,3.07,AU,1688968644
425,olivenza,38.6832,-7.103,20.18,46,0,1.45,ES,1688968940
426,kailua-kona,19.6406,-155.9956,24.72,89,99,2.68,US,1688968941
427,prado,-17.3411,-39.2208,21.08,95,32,1.9,BR,1688968942
428,dawson creek,55.7666,-120.2362,20.88,82,55,4.81,CA,1688968942
429,mozhga,56.4447,52.2276,27.66,56,100,6.06,RU,1688968942
430,yuzhno-kurilsk,44.0306,145.8556,18.98,78,98,0.53,RU,1688968942
431,kayangel,8.0823,134.7173,27.87,82,100,7.67,PW,1688968943
432,merowe,18.4833,31.8167,34.52,17,98,5.62,SD,1688968943
433,guatrache,-37.6678,-63.5302,8.84,44,85,2.84,AR,1688968944
434,la ronge,55.1001,-105.2842,8.17,67,0,2.6,CA,1688968944
435,fortuna,40.5982,-124.1573,14.25,95,100,0.0,US,1688968944
436,kaka,37.3482,59.6143,37.63,11,0,6.54,TM,1688968945
437,ghadamis,30.1337,9.5007,32.6,21,6,3.71,LY,1688968946
438,chandler,33.3062,-111.8412,36.7,22,0,4.12,US,1688968946
439,kiama,-34.6833,150.8667,19.65,55,6,2.89,AU,1688968946
440,griffith,41.5284,-87.4237,21.05,82,0,0.0,US,1688968947
441,freudenberg,50.9,7.8667,19.81,96,97,3.13,DE,1688968947
442,chilca,-12.5211,-76.7372,19.13,83,87,2.65,PE,1688968948
443,burnie,-41.0667,145.9167,12.47,76,99,8.86,AU,1688968948
444,chengde,40.9725,117.9361,32.96,26,42,2.86,CN,1688968412
445,conde,-7.2597,-34.9075,22.8,87,2,2.95,BR,1688968949
446,wewak,-3.5534,143.6268,26.21,90,100,3.41,PG,1688968950
447,mugia,43.1041,-9.2179,12.73,79,2,2.72,ES,1688968951
448,tamanrasset,22.785,5.5228,25.75,19,16,8.18,DZ,1688968951
449,smara,26.7384,-11.6719,20.35,81,0,4.34,EH,1688968951
450,dar kulayb,26.0686,50.5039,37.09,42,0,3.08,BH,1688968780
451,xinyang,32.1228,114.0656,33.55,65,67,7.81,CN,1688968934
452,polyarnyy,69.1989,33.4478,10.65,64,15,1.45,RU,1688968952
453,manjeshvar,12.7,74.8833,28.66,75,93,3.58,IN,1688968952
454,phongsali,21.6833,102.1058,26.26,57,72,1.96,LA,1688968953
455,kalmunai,7.4167,81.8167,31.7,54,83,3.05,LK,1688968953
456,tayu,-6.5397,111.0518,30.09,62,24,4.19,ID,1688968953
457,axim,4.8699,-2.2405,23.74,92,93,1.58,GH,1688968954
458,tucupita,9.0622,-62.051,23.14,99,94,1.04,VE,1688968954
459,gamay,12.3854,125.2979,30.65,69,99,3.7,PH,1688968955
460,tirodi,21.6833,79.7,30.86,66,67,3.94,IN,1688968956
461,norrtalje,59.758,18.705,18.02,51,0,1.64,SE,1688968956
462,charters towers,-20.1,146.2667,23.41,34,97,5.2,AU,1688968957
463,ust-nera,64.5667,143.2,15.8,28,6,1.94,RU,1688968957
464,tehuitzingo,16.9408,-99.1719,24.07,96,96,1.36,MX,1688968957
465,keflavik,64.0049,-22.5624,11.04,93,0,2.57,IS,1688968958
466,dinghaicun,26.2847,119.7936,26.77,89,10,8.6,CN,1688968958
467,oranjemund,-28.55,16.4333,10.79,59,0,4.98,NA,1688968817
468,airuk,7.2772,168.8203,28.42,75,62,6.61,MH,1688968959
469,puquio,-14.7,-74.1333,9.19,48,19,1.55,PE,1688968959
470,gorakhpur,29.45,75.6833,26.81,87,100,2.81,IN,1688968547
471,badagara,11.6,75.5833,28.71,72,96,2.8,IN,1688968960
472,machico,32.7,-16.7667,22.35,82,40,4.12,PT,1688968960
473,roosevelt,33.9668,-103.4505,23.12,79,0,5.76,US,1688968961
474,al hazm,16.1641,44.7769,35.74,11,91,2.56,YE,1688968961
475,mahibadhoo,3.7833,72.9667,28.29,70,38,4.41,MV,1688968962
476,tindouf,27.6711,-8.1474,31.11,16,4,3.69,DZ,1688968963
477,dosso,13.049,3.1937,25.48,76,100,2.46,NE,1688968963
478,turpan,42.9333,89.1667,33.43,27,99,3.29,CN,1688968963
479,tarakan,3.3,117.6333,30.72,74,20,2.57,ID,1688968964
480,worland,44.0169,-107.9554,19.64,72,0,1.54,US,1688968964
481,port hueneme,34.1478,-119.1951,19.42,86,0,3.09,US,1688968964
482,coquimbo,-29.9533,-71.3436,13.36,85,100,1.01,CL,1688968964
483,besuki,-7.7338,113.6979,29.28,68,83,2.68,ID,1688968965
484,acajutla,13.5928,-89.8275,26.58,85,99,2.99,SV,1688968966
485,fisterra,42.9049,-9.2629,12.64,80,3,3.23,ES,1688968966
486,steamboat springs,40.485,-106.8317,21.72,51,0,1.54,US,1688968966
487,bathsheba,13.2167,-59.5167,27.05,84,60,8.6,BB,1688968966
488,ciudad bolivar,8.1222,-63.5497,25.0,88,100,3.94,VE,1688968967
489,igarka,67.4667,86.5833,15.58,53,98,4.85,RU,1688968967
490,moultonborough,43.7548,-71.3967,20.9,92,100,0.45,US,1688968967
491,labrador city,52.9463,-66.9114,16.06,94,100,2.69,CA,1688968968
492,palu,-0.8917,119.8707,29.54,78,68,1.69,ID,1688968538
493,kidal,18.4411,1.4078,29.14,49,88,2.54,ML,1688968968
494,springbok,-29.6643,17.8865,2.73,69,0,5.9,ZA,1688968968
495,san luis,-33.295,-66.3356,9.31,87,28,1.23,AR,1688968969
496,manado,1.487,124.8455,25.43,94,40,0.51,ID,1688968730
497,aginskoye,51.1,114.53,25.79,40,97,3.23,RU,1688968970
498,skadovs'k,46.1161,32.9112,22.66,51,3,6.99,UA,1688968970
499,walvis bay,-22.9575,14.5053,12.73,30,1,5.19,NA,1688968971
500,eha amufu,6.6592,7.7596,22.72,97,98,1.34,NG,1688968971
501,carutapera,-1.195,-46.02,24.39,90,21,3.28,BR,1688968972
502,tralee,52.2704,-9.7026,12.96,95,100,2.09,IE,1688968972
503,bela,25.9333,81.9833,36.76,45,48,3.59,IN,1688968972
504,lucheng,31.2336,117.2806,32.74,70,96,6.15,CN,1688968973
505,sangin,32.0728,64.8359,34.21,9,0,4.44,AF,1688968973
506,kavaratti,10.5669,72.642,28.18,75,96,7.13,IN,1688968824
507,page,36.9147,-111.4558,31.88,13,0,3.09,US,1688968974
508,yushu,44.8,126.5333,26.17,65,100,1.68,CN,1688968974
509,shatsk,54.0258,41.7119,15.41,94,100,7.78,RU,1688968974
510,naantali,60.4674,22.0243,17.99,51,0,2.06,FI,1688968975
511,aktau,43.65,51.2,39.32,24,44,9.44,KZ,1688968812
512,nar'yan-mar,67.6713,53.087,13.03,60,89,4.13,RU,1688968975
513,rakvere,59.3464,26.3558,15.96,55,10,2.16,EE,1688968975
514,plettenberg bay,-34.0527,23.3716,10.66,80,91,3.05,ZA,1688968975
515,nadvoitsy,63.8667,34.3167,11.43,66,97,3.29,RU,1688968976
516,rampura,30.25,75.2333,30.58,68,98,4.66,IN,1688968976
517,banda aceh,5.5577,95.3222,28.31,70,100,5.98,ID,1688968947
518,monroeville,40.4212,-79.7881,19.14,91,100,1.54,US,1688968977
519,howard springs,-12.497,131.047,31.95,58,70,0.83,AU,1688968977
520,belmonte,-15.8631,-38.8828,22.73,89,11,1.52,BR,1688968978
521,arteche,12.2645,125.4048,28.73,82,100,2.71,PH,1688968978
522,juneau,58.3019,-134.4197,16.0,84,40,4.63,US,1688968978
523,santa ana,33.7456,-117.8678,21.38,80,0,1.54,US,1688968979
524,al jawf,29.5,38.75,28.91,25,0,5.87,SA,1688968979
525,abaza,52.655,90.0928,21.77,61,100,1.84,RU,1688968980
526,chandur bazar,21.2417,77.7456,29.69,64,98,4.63,IN,1688968980
527,massawa,15.6097,39.45,34.73,52,100,1.38,ER,1688968980
528,yung shue wan,22.2333,114.1167,34.68,70,11,5.58,HK,1688968980
529,pandan,14.0453,124.1694,29.74,75,72,3.87,PH,1688968981
530,sinabang,2.4803,96.3801,27.16,79,100,2.25,ID,1688968981
531,namibe,-15.1961,12.1522,17.82,74,0,1.03,AO,1688968982
532,liperi,62.5333,29.3667,12.38,66,0,2.06,FI,1688968982
533,apatity,67.5641,33.4031,12.68,54,10,1.08,RU,1688968982
534,nuuk,64.1835,-51.7216,11.34,76,100,3.6,GL,1688968983
535,saint-francois,46.4154,3.9054,20.69,83,0,2.06,FR,1688968983
536,helensburgh,56.0061,-4.7265,15.23,90,64,0.45,GB,1688968983
537,aden,12.7794,45.0367,31.33,74,41,1.84,YE,1688968984
538,carbonear,47.7332,-53.2148,12.35,97,96,2.66,CA,1688968984
539,korla,41.7597,86.1469,31.25,26,99,5.49,CN,1688968984
540,sault ste. marie,46.5168,-84.3333,17.31,77,40,1.54,CA,1688968985
541,cedeira,43.6797,-8.0209,15.21,86,2,2.41,ES,1688968985
542,takoradi,4.8845,-1.7554,23.88,91,100,1.82,GH,1688968808
543,kapoeta,4.7717,33.5903,26.9,58,96,1.64,SS,1688968985
544,farsan,32.2569,50.561,27.14,10,0,1.92,IR,1688968986
545,kingston,17.997,-76.7936,27.89,90,28,1.18,JM,1688968987
546,bandundu,-3.3167,17.3667,25.61,53,30,1.54,CD,1688968987
547,chernyshevskiy,63.0128,112.4714,27.71,24,90,3.41,RU,1688968987
548,guarapari,-20.6667,-40.4975,21.61,90,97,2.46,BR,1688968988
549,freeport,40.6576,-73.5832,24.6,89,100,3.6,US,1688968988
550,male,4.1748,73.5089,31.97,66,75,4.12,MV,1688968721
551,bhimunipatnam,17.8833,83.4333,34.73,56,99,2.73,IN,1688968989
552,kill devil hills,36.0307,-75.676,24.01,90,75,3.09,US,1688968989
553,smithers,54.7804,-127.1743,15.18,88,0,2.06,CA,1688968990
554,mantua,45.1667,10.7833,27.58,75,1,0.52,IT,1688968990
555,ribeira brava,32.65,-17.0667,22.35,77,6,1.76,PT,1688968991
556,luang namtha,20.9497,101.4011,29.83,70,83,1.54,LA,1688968991
557,zhezqazghan,47.7833,67.7667,32.32,17,0,5.0,KZ,1688968991
558,dwarka,22.2394,68.9678,29.7,76,88,6.53,IN,1688968835
559,guanhaes,-18.775,-42.9325,14.44,64,8,1.49,BR,1688968992
560,laguna,38.421,-121.4238,17.66,78,0,3.09,US,1688968992
